{"cameraMode":{"drawMode":0,"name":"Shaded","section":"Shading Mode"},"sceneLighting":false,"audioPlay":false,"sceneViewState":{"showFog":true,"showMaterialUpdate":false,"showSkybox":false,"showFlares":true,"showImageEffects":true,"showParticleSystems":true},"in2DMode":false,"pivot":{"x":-1.4901161193847657e-8,"y":3.725290298461914e-9,"z":-0.0003709942102432251},"rotation":{"x":-0.18000921607017518,"y":0.548244059085846,"z":-0.12219102680683136,"w":-0.8075645565986633},"size":2.1086299419403078,"orthographic":false}