{"cameraMode":{"drawMode":0,"name":"Shaded","section":"Shading Mode"},"sceneLighting":false,"audioPlay":false,"sceneViewState":{"showFog":true,"showMaterialUpdate":false,"showSkybox":false,"showFlares":true,"showImageEffects":true,"showParticleSystems":true},"in2DMode":false,"pivot":{"x":-1.4901161193847657e-7,"y":2.9802322387695315e-8,"z":-0.0037099719047546388},"rotation":{"x":0.26359930634498598,"y":-0.6931363344192505,"z":0.3057110011577606,"w":0.5972581505775452},"size":3.086299180984497,"orthographic":false}