{"cameraMode":{"drawMode":0,"name":"Shaded","section":"Shading Mode"},"sceneLighting":false,"audioPlay":false,"sceneViewState":{"showFog":true,"showMaterialUpdate":false,"showSkybox":false,"showFlares":true,"showImageEffects":true,"showParticleSystems":true},"in2DMode":false,"pivot":{"x":0.0,"y":0.0494999997317791,"z":-1.4527176972478629e-7},"rotation":{"x":0.21984300017356873,"y":-0.1341419816017151,"z":0.030518725514411928,"w":0.9658104181289673},"size":0.16338300704956056,"orthographic":false}